frameTime,leftGaze direction x,leftGaze direction y,leftGaze direction z,rightGaze direction x,rightGaze direction y,rightGaze direction z,eyePos3D x,eyePos3D y,eyePos3D z
"0","0","0","1","0","0","1","0","0","0"
"0.02017975","0","0","1","0","0","1","0","0","0"
"0.0297699","0","0","1","0","0","1","0","0","0"
"0.04341125","0","0","1","0","0","1","0","0","0"
"0.05768585","0","0","1","0","0","1","0","0","0"
"0.0716095","0","0","1","0","0","1","0","0","0"
"0.08570099","0","0","1","0","0","1","0","0","0"
"0.1002731","0","0","1","0","0","1","0","0","0"
"0.1144409","0","0","1","0","0","1","0","0","0"
"0.1289139","0","0","1","0","0","1","0","0","0"
"0.1442184","0","0","1","0","0","1","0","0","0"
"0.1571884","0","0","1","0","0","1","0","0","0"
"0.1716232","0","0","1","0","0","1","0","0","0"
"0.1857681","0","0","1","0","0","1","0","0","0"
"0.2004776","0","0","1","0","0","1","0","0","0"
"0.2143555","0","0","1","0","0","1","0","0","0"
"0.2291031","0","0","1","0","0","1","0","0","0"
"0.2436829","0","0","1","0","0","1","0","0","0"
"0.258316","0","0","1","0","0","1","0","0","0"
"0.2714844","0","0","1","0","0","1","0","0","0"
"0.2862244","0","0","1","0","0","1","0","0","0"
"0.3000946","0","0","1","0","0","1","0","0","0"
"0.3144073","0","0","1","0","0","1","0","0","0"
"0.3289108","0","0","1","0","0","1","0","0","0"
"0.3443604","0","0","1","0","0","1","0","0","0"
"0.3571014","0","0","1","0","0","1","0","0","0"
"0.3716125","0","0","1","0","0","1","0","0","0"
"0.3858719","0","0","1","0","0","1","0","0","0"
"0.4001846","0","0","1","0","0","1","0","0","0"
"0.4143143","0","0","1","0","0","1","0","0","0"
"0.4286652","0","0","1","0","0","1","0","0","0"
"0.4436646","0","0","1","0","0","1","0","0","0"
"0.4577866","0","0","1","0","0","1","0","0","0"
"0.4713058","0","0","1","0","0","1","0","0","0"
"0.485939","0","0","1","0","0","1","0","0","0"
"0.5001831","0","0","1","0","0","1","0","0","0"
"0.5143051","0","0","1","0","0","1","0","0","0"
"0.5290222","0","0","1","0","0","1","0","0","0"
"0.5444641","0","0","1","0","0","1","0","0","0"
"0.5570526","0","0","1","0","0","1","0","0","0"
"0.5717239","0","0","1","0","0","1","0","0","0"
"0.5858765","0","0","1","0","0","1","0","0","0"
"0.6001282","0","0","1","0","0","1","0","0","0"
"0.614212","0","0","1","0","0","1","0","0","0"
"0.6290131","0","0","1","0","0","1","0","0","0"
"0.6437988","0","0","1","0","0","1","0","0","0"
"0.6579971","0","0","1","0","0","1","0","0","0"
"0.6711426","0","0","1","0","0","1","0","0","0"
"0.6857605","0","0","1","0","0","1","0","0","0"
"0.6998367","0","0","1","0","0","1","0","0","0"
"0.7141495","0","0","1","0","0","1","0","0","0"
"0.7287598","0","0","1","0","0","1","0","0","0"
"0.7439804","0","0","1","0","0","1","0","0","0"
"0.7571869","0","0","1","0","0","1","0","0","0"
"0.7717743","0","0","1","0","0","1","0","0","0"
"0.7857056","0","0","1","0","0","1","0","0","0"
"0.8003006","0","0","1","0","0","1","0","0","0"
"0.8141479","0","0","1","0","0","1","0","0","0"
"0.8287125","0","0","1","0","0","1","0","0","0"
"0.8434067","0","0","1","0","0","1","0","0","0"
"0.857605","0","0","1","0","0","1","0","0","0"
"0.8712616","0","0","1","0","0","1","0","0","0"
"0.8858032","0","0","1","0","0","1","0","0","0"
"0.9000702","0","0","1","0","0","1","0","0","0"
"0.9142914","0","0","1","0","0","1","0","0","0"
"0.9288559","0","0","1","0","0","1","0","0","0"
"0.9441223","0","0","1","0","0","1","0","0","0"
"0.9572372","0","0","1","0","0","1","0","0","0"
"0.9713669","0","0","1","0","0","1","0","0","0"
"0.9855881","0","0","1","0","0","1","0","0","0"
"1.000114","0","0","1","0","0","1","0","0","0"
"1.014183","0","0","1","0","0","1","0","0","0"
"1.029495","0","0","1","0","0","1","0","0","0"
"1.04335","0","0","1","0","0","1","0","0","0"
"1.058121","0","0","1","0","0","1","0","0","0"
"1.07122","0","0","1","0","0","1","0","0","0"
"1.085686","0","0","1","0","0","1","0","0","0"
"1.099754","0","0","1","0","0","1","0","0","0"
"1.114517","0","0","1","0","0","1","0","0","0"
"1.128792","0","0","1","0","0","1","0","0","0"
"1.143562","0","0","1","0","0","1","0","0","0"
"1.157333","0","0","1","0","0","1","0","0","0"
"1.171921","0","0","1","0","0","1","0","0","0"
"1.185829","0","0","1","0","0","1","0","0","0"
"1.199814","0","0","1","0","0","1","0","0","0"
"1.214127","0","0","1","0","0","1","0","0","0"
"1.22876","0","0","1","0","0","1","0","0","0"
"1.243523","0","0","1","0","0","1","0","0","0"
"1.25766","0","0","1","0","0","1","0","0","0"
"1.27153","0","0","1","0","0","1","0","0","0"
"1.286011","0","0","1","0","0","1","0","0","0"
"1.299957","0","0","1","0","0","1","0","0","0"
"1.31427","0","0","1","0","0","1","0","0","0"
"1.328682","0","0","1","0","0","1","0","0","0"
"1.343475","0","0","1","0","0","1","0","0","0"
"1.357025","0","0","1","0","0","1","0","0","0"
"1.371841","0","0","1","0","0","1","0","0","0"
"1.385559","0","0","1","0","0","1","0","0","0"
"1.400116","0","0","1","0","0","1","0","0","0"
"1.414223","0","0","1","0","0","1","0","0","0"
"1.429222","0","0","1","0","0","1","0","0","0"
"1.443489","0","0","1","0","0","1","0","0","0"
"1.457939","0","0","1","0","0","1","0","0","0"
"1.471138","0","0","1","0","0","1","0","0","0"
"1.485779","0","0","1","0","0","1","0","0","0"
"1.499802","0","0","1","0","0","1","0","0","0"
"1.514229","0","0","1","0","0","1","0","0","0"
"1.528633","0","0","1","0","0","1","0","0","0"
"1.543983","0","0","1","0","0","1","0","0","0"
"1.557205","0","0","1","0","0","1","0","0","0"
"1.571983","0","0","1","0","0","1","0","0","0"
"1.585991","0","0","1","0","0","1","0","0","0"
"1.600418","0","0","1","0","0","1","0","0","0"
"1.614166","0","0","1","0","0","1","0","0","0"
"1.628586","0","0","1","0","0","1","0","0","0"
"1.643494","0","0","1","0","0","1","0","0","0"
"1.6576","0","0","1","0","0","1","0","0","0"
"1.671249","0","0","1","0","0","1","0","0","0"
"1.68573","0","0","1","0","0","1","0","0","0"
"1.700058","0","0","1","0","0","1","0","0","0"
"1.714493","0","0","1","0","0","1","0","0","0"
"1.728561","0","0","1","0","0","1","0","0","0"
"1.743538","0","0","1","0","0","1","0","0","0"
"1.756989","0","0","1","0","0","1","0","0","0"
"1.772202","0","0","1","0","0","1","0","0","0"
"1.786171","0","0","1","0","0","1","0","0","0"
"1.801132","0","0","1","0","0","1","0","0","0"
"1.814911","0","0","1","0","0","1","0","0","0"
"1.830978","0","0","1","0","0","1","0","0","0"
"1.843971","0","0","1","0","0","1","0","0","0"
"1.858734","0","0","1","0","0","1","0","0","0"
"1.87204","0","0","1","0","0","1","0","0","0"
"1.88652","0","0","1","0","0","1","0","0","0"
"1.900703","0","0","1","0","0","1","0","0","0"
"1.914825","0","0","1","0","0","1","0","0","0"
"1.929253","0","0","1","0","0","1","0","0","0"
"1.944199","0","0","1","0","0","1","0","0","0"
"1.958046","0","0","1","0","0","1","0","0","0"
"1.972809","0","0","1","0","0","1","0","0","0"
"1.986397","0","0","1","0","0","1","0","0","0"
"2.000877","0","0","1","0","0","1","0","0","0"
"2.014816","0","0","1","0","0","1","0","0","0"
"2.0299","0","0","1","0","0","1","0","0","0"
"2.044006","0","0","1","0","0","1","0","0","0"
"2.058067","0","0","1","0","0","1","0","0","0"
"2.072037","0","0","1","0","0","1","0","0","0"
"2.086922","0","0","1","0","0","1","0","0","0"
"2.1008","0","0","1","0","0","1","0","0","0"
"2.115128","0","0","1","0","0","1","0","0","0"
"2.129723","0","0","1","0","0","1","0","0","0"
"2.144005","0","0","1","0","0","1","0","0","0"
"2.157722","0","0","1","0","0","1","0","0","0"
"2.172798","0","0","1","0","0","1","0","0","0"
"2.186317","0","0","1","0","0","1","0","0","0"
"2.200844","0","0","1","0","0","1","0","0","0"
"2.215149","0","0","1","0","0","1","0","0","0"
"2.229675","0","0","1","0","0","1","0","0","0"
"2.244064","0","0","1","0","0","1","0","0","0"
"2.258072","0","0","1","0","0","1","0","0","0"
"2.272034","0","0","1","0","0","1","0","0","0"
"2.287224","0","0","1","0","0","1","0","0","0"
"2.300667","0","0","1","0","0","1","0","0","0"
"2.315254","0","0","1","0","0","1","0","0","0"
"2.329506","0","0","1","0","0","1","0","0","0"
"2.344025","0","0","1","0","0","1","0","0","0"
"2.357948","0","0","1","0","0","1","0","0","0"
"2.372871","0","0","1","0","0","1","0","0","0"
"2.386421","0","0","1","0","0","1","0","0","0"
"2.400734","0","0","1","0","0","1","0","0","0"
"2.41494","0","0","1","0","0","1","0","0","0"
"2.429382","0","0","1","0","0","1","0","0","0"
"2.443901","0","0","1","0","0","1","0","0","0"
"2.457825","0","0","1","0","0","1","0","0","0"
"2.472","0","0","1","0","0","1","0","0","0"
"2.48716","0","0","1","0","0","1","0","0","0"
"2.500977","0","0","1","0","0","1","0","0","0"
"2.515244","0","0","1","0","0","1","0","0","0"
"2.530006","0","0","1","0","0","1","0","0","0"
"2.544334","0","0","1","0","0","1","0","0","0"
"2.557678","0","0","1","0","0","1","0","0","0"
"2.572823","0","0","1","0","0","1","0","0","0"
"2.586571","0","0","1","0","0","1","0","0","0"
"2.6008","0","0","1","0","0","1","0","0","0"
"2.614967","0","0","1","0","0","1","0","0","0"
"2.629585","0","0","1","0","0","1","0","0","0"
"2.64431","0","0","1","0","0","1","0","0","0"
"2.658081","0","0","1","0","0","1","0","0","0"
"2.671997","0","0","1","0","0","1","0","0","0"
"2.686989","0","0","1","0","0","1","0","0","0"
"2.70047","0","0","1","0","0","1","0","0","0"
"2.71508","0","0","1","0","0","1","0","0","0"
"2.729118","0","0","1","0","0","1","0","0","0"
"2.743988","0","0","1","0","0","1","0","0","0"
"2.757957","0","0","1","0","0","1","0","0","0"
"2.772705","0","0","1","0","0","1","0","0","0"
"2.786301","0","0","1","0","0","1","0","0","0"
"2.801132","0","0","1","0","0","1","0","0","0"
"2.81488","0","0","1","0","0","1","0","0","0"
"2.829666","0","0","1","0","0","1","0","0","0"
"2.844254","0","0","1","0","0","1","0","0","0"
"2.857864","0","0","1","0","0","1","0","0","0"
"2.872078","0","0","1","0","0","1","0","0","0"
"2.88723","0","0","1","0","0","1","0","0","0"
"2.900948","0","0","1","0","0","1","0","0","0"
"2.915237","0","0","1","0","0","1","0","0","0"
"2.929825","0","0","1","0","0","1","0","0","0"
"2.943993","0","0","1","0","0","1","0","0","0"
"2.95768","0","0","1","0","0","1","0","0","0"
"2.971962","0","0","1","0","0","1","0","0","0"
"2.986183","0","0","1","0","0","1","0","0","0"
"3.001236","0","0","1","0","0","1","0","0","0"
"3.014732","0","0","1","0","0","1","0","0","0"
"3.029671","0","0","1","0","0","1","0","0","0"
"3.04364","0","0","1","0","0","1","0","0","0"
"3.057709","0","0","1","0","0","1","0","0","0"
"3.071114","0","0","1","0","0","1","0","0","0"
"3.086121","0","0","1","0","0","1","0","0","0"
"3.099777","0","0","1","0","0","1","0","0","0"
"3.114189","0","0","1","0","0","1","0","0","0"
"3.128288","0","0","1","0","0","1","0","0","0"
"3.143387","0","0","1","0","0","1","0","0","0"
"3.157249","0","0","1","0","0","1","0","0","0"
"3.171295","0","0","1","0","0","1","0","0","0"
"3.185722","0","0","1","0","0","1","0","0","0"
"3.200462","0","0","1","0","0","1","0","0","0"
"3.213997","0","0","1","0","0","1","0","0","0"
"3.228539","0","0","1","0","0","1","0","0","0"
"3.242996","0","0","1","0","0","1","0","0","0"
"3.256996","0","0","1","0","0","1","0","0","0"
"3.271133","0","0","1","0","0","1","0","0","0"
"3.286301","0","0","1","0","0","1","0","0","0"
"3.299751","0","0","1","0","0","1","0","0","0"
"3.314537","0","0","1","0","0","1","0","0","0"
"3.328278","0","0","1","0","0","1","0","0","0"
"3.3433","0","0","1","0","0","1","0","0","0"
"3.356743","0","0","1","0","0","1","0","0","0"
"3.371162","0","0","1","0","0","1","0","0","0"
"3.385391","0","0","1","0","0","1","0","0","0"
"3.400406","0","0","1","0","0","1","0","0","0"
"3.41407","0","0","1","0","0","1","0","0","0"
"3.428673","0","0","1","0","0","1","0","0","0"
"3.442612","0","0","1","0","0","1","0","0","0"
"3.456764","0","0","1","0","0","1","0","0","0"
"3.471466","0","0","1","0","0","1","0","0","0"
"3.486099","0","0","1","0","0","1","0","0","0"
"3.499672","0","0","1","0","0","1","0","0","0"
"3.514091","0","0","1","0","0","1","0","0","0"
"3.528687","0","0","1","0","0","1","0","0","0"
"3.543716","0","0","1","0","0","1","0","0","0"
"3.557114","0","0","1","0","0","1","0","0","0"
"3.571327","0","0","1","0","0","1","0","0","0"
"3.585999","0","0","1","0","0","1","0","0","0"
"3.600555","0","0","1","0","0","1","0","0","0"
"3.614021","0","0","1","0","0","1","0","0","0"
"3.62883","0","0","1","0","0","1","0","0","0"
"3.643356","0","0","1","0","0","1","0","0","0"
"3.656868","0","0","1","0","0","1","0","0","0"
"3.671196","0","0","1","0","0","1","0","0","0"
"3.686668","0","0","1","0","0","1","0","0","0"
"3.700394","0","0","1","0","0","1","0","0","0"
"3.714149","0","0","1","0","0","1","0","0","0"
"3.728477","0","0","1","0","0","1","0","0","0"
"3.743385","0","0","1","0","0","1","0","0","0"
"3.756935","0","0","1","0","0","1","0","0","0"
"3.771172","0","0","1","0","0","1","0","0","0"
"3.785667","0","0","1","0","0","1","0","0","0"
"3.800911","0","0","1","0","0","1","0","0","0"
"3.81398","0","0","1","0","0","1","0","0","0"
"3.828751","0","0","1","0","0","1","0","0","0"
"3.843353","0","0","1","0","0","1","0","0","0"
"3.856819","0","0","1","0","0","1","0","0","0"
"3.871315","0","0","1","0","0","1","0","0","0"
"3.885529","0","0","1","0","0","1","0","0","0"
"3.899696","0","0","1","0","0","1","0","0","0"
"3.914673","0","0","1","0","0","1","0","0","0"
"3.928368","0","0","1","0","0","1","0","0","0"
"3.943558","0","0","1","0","0","1","0","0","0"
"3.957077","0","0","1","0","0","1","0","0","0"
"3.971107","0","0","1","0","0","1","0","0","0"
"3.985435","0","0","1","0","0","1","0","0","0"
"4.000427","0","0","1","0","0","1","0","0","0"
"4.014076","0","0","1","0","0","1","0","0","0"
"4.028542","0","0","1","0","0","1","0","0","0"
"4.043236","0","0","1","0","0","1","0","0","0"
"4.057312","0","0","1","0","0","1","0","0","0"
"4.071114","0","0","1","0","0","1","0","0","0"
"4.085655","0","0","1","0","0","1","0","0","0"
"4.099915","0","0","1","0","0","1","0","0","0"
"4.114769","0","0","1","0","0","1","0","0","0"
"4.129326","0","0","1","0","0","1","0","0","0"
"4.144165","0","0","1","0","0","1","0","0","0"
"4.158104","0","0","1","0","0","1","0","0","0"
"4.171928","0","0","1","0","0","1","0","0","0"
"4.186317","0","0","1","0","0","1","0","0","0"
"4.201172","0","0","1","0","0","1","0","0","0"
"4.214989","0","0","1","0","0","1","0","0","0"
"4.229965","0","0","1","0","0","1","0","0","0"
"4.243935","0","0","1","0","0","1","0","0","0"
"4.257935","0","0","1","0","0","1","0","0","0"
"4.271881","0","0","1","0","0","1","0","0","0"
"4.286674","0","0","1","0","0","1","0","0","0"
"4.300461","0","0","1","0","0","1","0","0","0"
"4.315399","0","0","1","0","0","1","0","0","0"
"4.329727","0","0","1","0","0","1","0","0","0"
"4.344055","0","0","1","0","0","1","0","0","0"
"4.357079","0","0","1","0","0","1","0","0","0"
"4.371124","0","0","1","0","0","1","0","0","0"
"4.385864","0","0","1","0","0","1","0","0","0"
"4.400398","0","0","1","0","0","1","0","0","0"
"4.414085","0","0","1","0","0","1","0","0","0"
"4.428467","0","0","1","0","0","1","0","0","0"
"4.443428","0","0","1","0","0","1","0","0","0"
"4.457039","0","0","1","0","0","1","0","0","0"
"4.471069","0","0","1","0","0","1","0","0","0"
"4.485497","0","0","1","0","0","1","0","0","0"
"4.499908","0","0","1","0","0","1","0","0","0"
"4.514748","0","0","1","0","0","1","0","0","0"
"4.528526","0","0","1","0","0","1","0","0","0"
"4.543839","0","0","1","0","0","1","0","0","0"
"4.557068","0","0","1","0","0","1","0","0","0"
"4.571503","0","0","1","0","0","1","0","0","0"
"4.585747","0","0","1","0","0","1","0","0","0"
"4.600807","0","0","1","0","0","1","0","0","0"
"4.61412","0","0","1","0","0","1","0","0","0"
"4.628838","0","0","1","0","0","1","0","0","0"
"4.643684","0","0","1","0","0","1","0","0","0"
"4.656784","0","0","1","0","0","1","0","0","0"
"4.671295","0","0","1","0","0","1","0","0","0"
"4.68544","0","0","1","0","0","1","0","0","0"
"4.699638","0","0","1","0","0","1","0","0","0"
"4.716721","0","0","1","0","0","1","0","0","0"
"4.729355","0","0","1","0","0","1","0","0","0"
"4.744156","0","0","1","0","0","1","0","0","0"
"4.757973","0","0","1","0","0","1","0","0","0"
"4.772049","0","0","1","0","0","1","0","0","0"
"4.786186","0","0","1","0","0","1","0","0","0"
"4.801186","0","0","1","0","0","1","0","0","0"
"4.814751","0","0","1","0","0","1","0","0","0"
"4.830322","0","0","1","0","0","1","0","0","0"
"4.843918","0","0","1","0","0","1","0","0","0"
"4.858444","0","0","1","0","0","1","0","0","0"
"4.871933","0","0","1","0","0","1","0","0","0"
"4.88649","0","0","1","0","0","1","0","0","0"
"4.900513","0","0","1","0","0","1","0","0","0"
"4.915489","0","0","1","0","0","1","0","0","0"
"4.929527","0","0","1","0","0","1","0","0","0"
"4.944359","0","0","1","0","0","1","0","0","0"
"4.957596","0","0","1","0","0","1","0","0","0"
"4.971924","0","0","1","0","0","1","0","0","0"
"4.986412","0","0","1","0","0","1","0","0","0"
"5.00045","0","0","1","0","0","1","0","0","0"
"5.014809","0","0","1","0","0","1","0","0","0"
"5.030441","0","0","1","0","0","1","0","0","0"
"5.04435","0","0","1","0","0","1","0","0","0"
"5.058189","0","0","1","0","0","1","0","0","0"
"5.071854","0","0","1","0","0","1","0","0","0"
"5.08625","0","0","1","0","0","1","0","0","0"
"5.100494","0","0","1","0","0","1","0","0","0"
"5.115433","0","0","1","0","0","1","0","0","0"
"5.129417","0","0","1","0","0","1","0","0","0"
"5.144104","0","0","1","0","0","1","0","0","0"
"5.157974","0","0","1","0","0","1","0","0","0"
"5.171997","0","0","1","0","0","1","0","0","0"
"5.186172","0","0","1","0","0","1","0","0","0"
"5.200661","0","0","1","0","0","1","0","0","0"
"5.21489","0","0","1","0","0","1","0","0","0"
"5.230064","0","0","1","0","0","1","0","0","0"
"5.24398","0","0","1","0","0","1","0","0","0"
"5.257774","0","0","1","0","0","1","0","0","0"
"5.271996","0","0","1","0","0","1","0","0","0"
"5.286232","0","0","1","0","0","1","0","0","0"
"5.300858","0","0","1","0","0","1","0","0","0"
"5.315643","0","0","1","0","0","1","0","0","0"
"5.329689","0","0","1","0","0","1","0","0","0"
"5.344032","0","0","1","0","0","1","0","0","0"
"5.357727","0","0","1","0","0","1","0","0","0"
"5.371841","0","0","1","0","0","1","0","0","0"
"5.386169","0","0","1","0","0","1","0","0","0"
"5.400398","0","0","1","0","0","1","0","0","0"
"5.414734","0","0","1","0","0","1","0","0","0"
"5.430267","0","0","1","0","0","1","0","0","0"
"5.444557","0","0","1","0","0","1","0","0","0"
"5.457886","0","0","1","0","0","1","0","0","0"
"5.471977","0","0","1","0","0","1","0","0","0"
"5.486191","0","0","1","0","0","1","0","0","0"
"5.500397","0","0","1","0","0","1","0","0","0"
"5.515503","0","0","1","0","0","1","0","0","0"
"5.529518","0","0","1","0","0","1","0","0","0"
"5.544434","0","0","1","0","0","1","0","0","0"
"5.557831","0","0","1","0","0","1","0","0","0"
"5.572029","0","0","1","0","0","1","0","0","0"
"5.586395","0","0","1","0","0","1","0","0","0"
"5.600563","0","0","1","0","0","1","0","0","0"
"5.614975","0","0","1","0","0","1","0","0","0"
"5.630013","0","0","1","0","0","1","0","0","0"
"5.644096","0","0","1","0","0","1","0","0","0"
"5.657906","0","0","1","0","0","1","0","0","0"
"5.671928","0","0","1","0","0","1","0","0","0"
"5.686104","0","0","1","0","0","1","0","0","0"
"5.700508","0","0","1","0","0","1","0","0","0"
"5.714767","0","0","1","0","0","1","0","0","0"
"5.728996","0","0","1","0","0","1","0","0","0"
"5.74472","0","0","1","0","0","1","0","0","0"
"5.757561","0","0","1","0","0","1","0","0","0"
"5.772194","0","0","1","0","0","1","0","0","0"
"5.786301","0","0","1","0","0","1","0","0","0"
"5.800858","0","0","1","0","0","1","0","0","0"
"5.814751","0","0","1","0","0","1","0","0","0"
"5.830147","0","0","1","0","0","1","0","0","0"
"5.843765","0","0","1","0","0","1","0","0","0"
"5.857933","0","0","1","0","0","1","0","0","0"
"5.871765","0","0","1","0","0","1","0","0","0"
"5.886147","0","0","1","0","0","1","0","0","0"
"5.900337","0","0","1","0","0","1","0","0","0"
"5.914619","0","0","1","0","0","1","0","0","0"
"5.929161","0","0","1","0","0","1","0","0","0"
"5.944656","0","0","1","0","0","1","0","0","0"
"5.957703","0","0","1","0","0","1","0","0","0"
"5.971977","0","0","1","0","0","1","0","0","0"
"5.986359","0","0","1","0","0","1","0","0","0"
"6.000381","0","0","1","0","0","1","0","0","0"
"6.01458","0","0","1","0","0","1","0","0","0"
"6.029709","0","0","1","0","0","1","0","0","0"
"6.0438","0","0","1","0","0","1","0","0","0"
"6.058167","0","0","1","0","0","1","0","0","0"
"6.07177","0","0","1","0","0","1","0","0","0"
"6.086235","0","0","1","0","0","1","0","0","0"
"6.100739","0","0","1","0","0","1","0","0","0"
"6.114777","0","0","1","0","0","1","0","0","0"
"6.129425","0","0","1","0","0","1","0","0","0"
"6.144463","0","0","1","0","0","1","0","0","0"
"6.157463","0","0","1","0","0","1","0","0","0"
"6.171944","0","0","1","0","0","1","0","0","0"
"6.186119","0","0","1","0","0","1","0","0","0"
"6.200401","0","0","1","0","0","1","0","0","0"
"6.214706","0","0","1","0","0","1","0","0","0"
"6.230072","0","0","1","0","0","1","0","0","0"
"6.244041","0","0","1","0","0","1","0","0","0"
"6.257843","0","0","1","0","0","1","0","0","0"
"6.271843","0","0","1","0","0","1","0","0","0"
"6.286217","0","0","1","0","0","1","0","0","0"
"6.300598","0","0","1","0","0","1","0","0","0"
"6.315002","0","0","1","0","0","1","0","0","0"
"6.329254","0","0","1","0","0","1","0","0","0"
"6.345406","0","0","1","0","0","1","0","0","0"
"6.357559","0","0","1","0","0","1","0","0","0"
"6.372047","0","0","1","0","0","1","0","0","0"
"6.386192","0","0","1","0","0","1","0","0","0"
"6.400459","0","0","1","0","0","1","0","0","0"
"6.414795","0","0","1","0","0","1","0","0","0"
"6.429665","0","0","1","0","0","1","0","0","0"
"6.443909","0","0","1","0","0","1","0","0","0"
"6.458069","0","0","1","0","0","1","0","0","0"
"6.471786","0","0","1","0","0","1","0","0","0"
"6.486259","0","0","1","0","0","1","0","0","0"
"6.500435","0","0","1","0","0","1","0","0","0"
"6.514778","0","0","1","0","0","1","0","0","0"
"6.528946","0","0","1","0","0","1","0","0","0"
"6.544441","0","0","1","0","0","1","0","0","0"
"6.557762","0","0","1","0","0","1","0","0","0"
"6.572388","0","0","1","0","0","1","0","0","0"
"6.586388","0","0","1","0","0","1","0","0","0"
"6.600571","0","0","1","0","0","1","0","0","0"
"6.614822","0","0","1","0","0","1","0","0","0"
"6.629242","0","0","1","0","0","1","0","0","0"
"6.644493","0","0","1","0","0","1","0","0","0"
"6.659271","0","0","1","0","0","1","0","0","0"
"6.671761","0","0","1","0","0","1","0","0","0"
"6.687782","0","0","1","0","0","1","0","0","0"
"6.700394","0","0","1","0","0","1","0","0","0"
"6.714745","0","0","1","0","0","1","0","0","0"
"6.729134","0","0","1","0","0","1","0","0","0"
"6.744621","0","0","1","0","0","1","0","0","0"
"6.757294","0","0","1","0","0","1","0","0","0"
"6.771255","0","0","1","0","0","1","0","0","0"
"6.785416","0","0","1","0","0","1","0","0","0"
"6.800018","0","0","1","0","0","1","0","0","0"
"6.813751","0","0","1","0","0","1","0","0","0"
"6.828384","0","0","1","0","0","1","0","0","0"
"6.84256","0","0","1","0","0","1","0","0","0"
"6.857391","0","0","1","0","0","1","0","0","0"
"6.871117","0","0","1","0","0","1","0","0","0"
"6.885864","0","0","1","0","0","1","0","0","0"
"6.899727","0","0","1","0","0","1","0","0","0"
"6.914124","0","0","1","0","0","1","0","0","0"
"6.928688","0","0","1","0","0","1","0","0","0"
"6.943672","0","0","1","0","0","1","0","0","0"
"6.957161","0","0","1","0","0","1","0","0","0"
"6.971046","0","0","1","0","0","1","0","0","0"
"6.985245","0","0","1","0","0","1","0","0","0"
"6.99968","0","0","1","0","0","1","0","0","0"
"7.013901","0","0","1","0","0","1","0","0","0"
"7.028625","0","0","1","0","0","1","0","0","0"
"7.043251","0","0","1","0","0","1","0","0","0"
"7.057884","0","0","1","0","0","1","0","0","0"
"7.070892","0","0","1","0","0","1","0","0","0"
"7.085587","0","0","1","0","0","1","0","0","0"
"7.099487","0","0","1","0","0","1","0","0","0"
"7.113953","0","0","1","0","0","1","0","0","0"
"7.128273","0","0","1","0","0","1","0","0","0"
"7.143692","0","0","1","0","0","1","0","0","0"
"7.157112","0","0","1","0","0","1","0","0","0"
"7.172661","0","0","1","0","0","1","0","0","0"
"7.185608","0","0","1","0","0","1","0","0","0"
"7.1996","0","0","1","0","0","1","0","0","0"
"7.21389","0","0","1","0","0","1","0","0","0"
"7.228378","0","0","1","0","0","1","0","0","0"
"7.245193","0","0","1","0","0","1","0","0","0"
"7.257401","0","0","1","0","0","1","0","0","0"
"7.27095","0","0","1","0","0","1","0","0","0"
"7.285606","0","0","1","0","0","1","0","0","0"
"7.29966","0","0","1","0","0","1","0","0","0"
"7.314415","0","0","1","0","0","1","0","0","0"
"7.328041","0","0","1","0","0","1","0","0","0"
"7.342712","0","0","1","0","0","1","0","0","0"
"7.356636","0","0","1","0","0","1","0","0","0"
"7.371613","0","0","1","0","0","1","0","0","0"
"7.38517","0","0","1","0","0","1","0","0","0"
"7.399818","0","0","1","0","0","1","0","0","0"
"7.413818","0","0","1","0","0","1","0","0","0"
"7.428429","0","0","1","0","0","1","0","0","0"
"7.442497","0","0","1","0","0","1","0","0","0"
"7.457848","0","0","1","0","0","1","0","0","0"
"7.471184","0","0","1","0","0","1","0","0","0"
"7.485451","0","0","1","0","0","1","0","0","0"
"7.499557","0","0","1","0","0","1","0","0","0"
"7.513985","0","0","1","0","0","1","0","0","0"
"7.528328","0","0","1","0","0","1","0","0","0"
"7.54274","0","0","1","0","0","1","0","0","0"
"7.557106","0","0","1","0","0","1","0","0","0"
"7.572029","0","0","1","0","0","1","0","0","0"
"7.585838","0","0","1","0","0","1","0","0","0"
"7.599976","0","0","1","0","0","1","0","0","0"
"7.614014","0","0","1","0","0","1","0","0","0"
"7.628426","0","0","1","0","0","1","0","0","0"
"7.64254","0","0","1","0","0","1","0","0","0"
"7.657234","0","0","1","0","0","1","0","0","0"
"7.670876","0","0","1","0","0","1","0","0","0"
"7.685593","0","0","1","0","0","1","0","0","0"
"7.699654","0","0","1","0","0","1","0","0","0"
"7.714157","0","0","1","0","0","1","0","0","0"
"7.728165","0","0","1","0","0","1","0","0","0"
"7.742386","0","0","1","0","0","1","0","0","0"
"7.756676","0","0","1","0","0","1","0","0","0"
"7.77166","0","0","1","0","0","1","0","0","0"
"7.785278","0","0","1","0","0","1","0","0","0"
"7.799683","0","0","1","0","0","1","0","0","0"
"7.813957","0","0","1","0","0","1","0","0","0"
"7.829468","0","0","1","0","0","1","0","0","0"
"7.843353","0","0","1","0","0","1","0","0","0"
"7.857452","0","0","1","0","0","1","0","0","0"
"7.870934","0","0","1","0","0","1","0","0","0"
"7.885277","0","0","1","0","0","1","0","0","0"
"7.899422","0","0","1","0","0","1","0","0","0"
"7.913643","0","0","1","0","0","1","0","0","0"
"7.928085","0","0","1","0","0","1","0","0","0"
"7.942505","0","0","1","0","0","1","0","0","0"
"7.956886","0","0","1","0","0","1","0","0","0"
"7.972542","0","0","1","0","0","1","0","0","0"
"7.98526","0","0","1","0","0","1","0","0","0"
"7.999512","0","0","1","0","0","1","0","0","0"
"8.013779","0","0","1","0","0","1","0","0","0"
"8.028183","0","0","1","0","0","1","0","0","0"
"8.042389","0","0","1","0","0","1","0","0","0"
"8.057365","0","0","1","0","0","1","0","0","0"
"8.070793","0","0","1","0","0","1","0","0","0"
"8.085487","0","0","1","0","0","1","0","0","0"
"8.099625","0","0","1","0","0","1","0","0","0"
"8.114006","0","0","1","0","0","1","0","0","0"
"8.127991","0","0","1","0","0","1","0","0","0"
"8.142395","0","0","1","0","0","1","0","0","0"
"8.156525","0","0","1","0","0","1","0","0","0"
"8.171509","0","0","1","0","0","1","0","0","0"
"8.185356","0","0","1","0","0","1","0","0","0"
"8.19957","0","0","1","0","0","1","0","0","0"
"8.213837","0","0","1","0","0","1","0","0","0"
"8.228249","0","0","1","0","0","1","0","0","0"
"8.242432","0","0","1","0","0","1","0","0","0"
"8.256538","0","0","1","0","0","1","0","0","0"
"8.270981","0","0","1","0","0","1","0","0","0"
"8.285965","0","0","1","0","0","1","0","0","0"
"8.299782","0","0","1","0","0","1","0","0","0"
"8.315857","0","0","1","0","0","1","0","0","0"
"8.328911","0","0","1","0","0","1","0","0","0"
"8.343994","0","0","1","0","0","1","0","0","0"
"8.357506","0","0","1","0","0","1","0","0","0"
"8.37236","0","0","1","0","0","1","0","0","0"
"8.385895","0","0","1","0","0","1","0","0","0"
"8.400543","0","0","1","0","0","1","0","0","0"
"8.414482","0","0","1","0","0","1","0","0","0"
"8.428947","0","0","1","0","0","1","0","0","0"
"8.443581","0","0","1","0","0","1","0","0","0"
"8.457504","0","0","1","0","0","1","0","0","0"
"8.471611","0","0","1","0","0","1","0","0","0"
"8.486771","0","0","1","0","0","1","0","0","0"
"8.500496","0","0","1","0","0","1","0","0","0"
"8.51474","0","0","1","0","0","1","0","0","0"
"8.528961","0","0","1","0","0","1","0","0","0"
"8.543732","0","0","1","0","0","1","0","0","0"
"8.55735","0","0","1","0","0","1","0","0","0"
"8.572441","0","0","1","0","0","1","0","0","0"
"8.586128","0","0","1","0","0","1","0","0","0"
"8.600487","0","0","1","0","0","1","0","0","0"
"8.614639","0","0","1","0","0","1","0","0","0"
"8.629234","0","0","1","0","0","1","0","0","0"
"8.643867","0","0","1","0","0","1","0","0","0"
"8.657707","0","0","1","0","0","1","0","0","0"
"8.6716","0","0","1","0","0","1","0","0","0"
"8.686668","0","0","1","0","0","1","0","0","0"
"8.700264","0","0","1","0","0","1","0","0","0"
"8.714722","0","0","1","0","0","1","0","0","0"
"8.728882","0","0","1","0","0","1","0","0","0"
"8.743622","0","0","1","0","0","1","0","0","0"
"8.757408","0","0","1","0","0","1","0","0","0"
"8.772362","0","0","1","0","0","1","0","0","0"
"8.785759","0","0","1","0","0","1","0","0","0"
"8.799728","0","0","1","0","0","1","0","0","0"
"8.813835","0","0","1","0","0","1","0","0","0"
"8.828735","0","0","1","0","0","1","0","0","0"
"8.842415","0","0","1","0","0","1","0","0","0"
"8.856659","0","0","1","0","0","1","0","0","0"
"8.870903","0","0","1","0","0","1","0","0","0"
"8.885979","0","0","1","0","0","1","0","0","0"
"8.899475","0","0","1","0","0","1","0","0","0"
"8.91394","0","0","1","0","0","1","0","0","0"
"8.92794","0","0","1","0","0","1","0","0","0"
"8.942253","0","0","1","0","0","1","0","0","0"
"8.956635","0","0","1","0","0","1","0","0","0"
"8.971985","0","0","1","0","0","1","0","0","0"
"8.985283","0","0","1","0","0","1","0","0","0"
"8.999672","0","0","1","0","0","1","0","0","0"
"9.013672","0","0","1","0","0","1","0","0","0"
"9.02845","0","0","1","0","0","1","0","0","0"
"9.042343","0","0","1","0","0","1","0","0","0"
"9.056473","0","0","1","0","0","1","0","0","0"
"9.070702","0","0","1","0","0","1","0","0","0"
"9.085854","0","0","1","0","0","1","0","0","0"
"9.099442","0","0","1","0","0","1","0","0","0"
"9.113747","0","0","1","0","0","1","0","0","0"
"9.128098","0","0","1","0","0","1","0","0","0"
"9.142509","0","0","1","0","0","1","0","0","0"
"9.156601","0","0","1","0","0","1","0","0","0"
"9.170906","0","0","1","0","0","1","0","0","0"
"9.185173","0","0","1","0","0","1","0","0","0"
"9.200279","0","0","1","0","0","1","0","0","0"
"9.21373","0","0","1","0","0","1","0","0","0"
"9.228622","0","0","1","0","0","1","0","0","0"
"9.242386","0","0","1","0","0","1","0","0","0"
"9.256638","0","0","1","0","0","1","0","0","0"
"9.270882","0","0","1","0","0","1","0","0","0"
"9.286003","0","0","1","0","0","1","0","0","0"
"9.299774","0","0","1","0","0","1","0","0","0"
"9.31424","0","0","1","0","0","1","0","0","0"
"9.327972","0","0","1","0","0","1","0","0","0"
"9.342506","0","0","1","0","0","1","0","0","0"
"9.356407","0","0","1","0","0","1","0","0","0"
"9.370728","0","0","1","0","0","1","0","0","0"
"9.385162","0","0","1","0","0","1","0","0","0"
"9.400139","0","0","1","0","0","1","0","0","0"
"9.413582","0","0","1","0","0","1","0","0","0"
"9.428589","0","0","1","0","0","1","0","0","0"
"9.442421","0","0","1","0","0","1","0","0","0"
"9.456505","0","0","1","0","0","1","0","0","0"
"9.470863","0","0","1","0","0","1","0","0","0"
"9.485886","0","0","1","0","0","1","0","0","0"
"9.49942","0","0","1","0","0","1","0","0","0"
"9.513809","0","0","1","0","0","1","0","0","0"
"9.528351","0","0","1","0","0","1","0","0","0"
"9.542343","0","0","1","0","0","1","0","0","0"
"9.556686","0","0","1","0","0","1","0","0","0"
"9.571144","0","0","1","0","0","1","0","0","0"
"9.585579","0","0","1","0","0","1","0","0","0"
"9.600594","0","0","1","0","0","1","0","0","0"
"9.613945","0","0","1","0","0","1","0","0","0"
"9.630371","0","0","1","0","0","1","0","0","0"
"9.643837","0","0","1","0","0","1","0","0","0"
"9.65744","0","0","1","0","0","1","0","0","0"
"9.672073","0","0","1","0","0","1","0","0","0"
"9.686714","0","0","1","0","0","1","0","0","0"
"9.700157","0","0","1","0","0","1","0","0","0"
"9.714729","0","0","1","0","0","1","0","0","0"
"9.728905","0","0","1","0","0","1","0","0","0"
"9.743454","0","0","1","0","0","1","0","0","0"
"9.756645","0","0","1","0","0","1","0","0","0"
"9.770775","0","0","1","0","0","1","0","0","0"
"9.785202","0","0","1","0","0","1","0","0","0"
"9.800072","0","0","1","0","0","1","0","0","0"
"9.81382","0","0","1","0","0","1","0","0","0"
"9.828758","0","0","1","0","0","1","0","0","0"
"9.842392","0","0","1","0","0","1","0","0","0"
"9.856552","0","0","1","0","0","1","0","0","0"
"9.870811","0","0","1","0","0","1","0","0","0"
"9.885689","0","0","1","0","0","1","0","0","0"
"9.899323","0","0","1","0","0","1","0","0","0"
"9.914131","0","0","1","0","0","1","0","0","0"
"9.928619","0","0","1","0","0","1","0","0","0"
"9.942291","0","0","1","0","0","1","0","0","0"
"9.956551","0","0","1","0","0","1","0","0","0"
"9.970955","0","0","1","0","0","1","0","0","0"
"9.985283","0","0","1","0","0","1","0","0","0"
"10.00011","0","0","1","0","0","1","0","0","0"
"10.01357","0","0","1","0","0","1","0","0","0"
"10.02814","0","0","1","0","0","1","0","0","0"
"10.04224","0","0","1","0","0","1","0","0","0"
"10.05642","0","0","1","0","0","1","0","0","0"
"10.07106","0","0","1","0","0","1","0","0","0"
"10.08557","0","0","1","0","0","1","0","0","0"
"10.09949","0","0","1","0","0","1","0","0","0"
"10.1146","0","0","1","0","0","1","0","0","0"
"10.12795","0","0","1","0","0","1","0","0","0"
"10.14417","0","0","1","0","0","1","0","0","0"
"10.1564","0","0","1","0","0","1","0","0","0"
"10.17073","0","0","1","0","0","1","0","0","0"
"10.18508","0","0","1","0","0","1","0","0","0"
"10.2001","0","0","1","0","0","1","0","0","0"
"10.21379","0","0","1","0","0","1","0","0","0"
"10.22855","0","0","1","0","0","1","0","0","0"
"10.24239","0","0","1","0","0","1","0","0","0"
"10.25658","0","0","1","0","0","1","0","0","0"
"10.27081","0","0","1","0","0","1","0","0","0"
"10.28528","0","0","1","0","0","1","0","0","0"
"10.29955","0","0","1","0","0","1","0","0","0"
"10.31455","0","0","1","0","0","1","0","0","0"
"10.32806","0","0","1","0","0","1","0","0","0"
"10.34259","0","0","1","0","0","1","0","0","0"
"10.35665","0","0","1","0","0","1","0","0","0"
"10.3713","0","0","1","0","0","1","0","0","0"
"10.38611","0","0","1","0","0","1","0","0","0"
"10.40087","0","0","1","0","0","1","0","0","0"
"10.41447","0","0","1","0","0","1","0","0","0"
"10.42887","0","0","1","0","0","1","0","0","0"
"10.44388","0","0","1","0","0","1","0","0","0"
"10.45747","0","0","1","0","0","1","0","0","0"
"10.47161","0","0","1","0","0","1","0","0","0"
"10.48618","0","0","1","0","0","1","0","0","0"
"10.50056","0","0","1","0","0","1","0","0","0"
"10.51514","0","0","1","0","0","1","0","0","0"
"10.52953","0","0","1","0","0","1","0","0","0"
"10.54403","0","0","1","0","0","1","0","0","0"
"10.55727","0","0","1","0","0","1","0","0","0"
"10.57205","0","0","1","0","0","1","0","0","0"
"10.58626","0","0","1","0","0","1","0","0","0"
"10.60096","0","0","1","0","0","1","0","0","0"
"10.61446","0","0","1","0","0","1","0","0","0"
"10.62917","0","0","1","0","0","1","0","0","0"
"10.64395","0","0","1","0","0","1","0","0","0"
"10.65715","0","0","1","0","0","1","0","0","0"
"10.67138","0","0","1","0","0","1","0","0","0"
"10.68592","0","0","1","0","0","1","0","0","0"
"10.70029","0","0","1","0","0","1","0","0","0"
"10.71508","0","0","1","0","0","1","0","0","0"
"10.72886","0","0","1","0","0","1","0","0","0"
"10.74384","0","0","1","0","0","1","0","0","0"
"10.75751","0","0","1","0","0","1","0","0","0"
"10.77167","0","0","1","0","0","1","0","0","0"
"10.78597","0","0","1","0","0","1","0","0","0"
"10.80088","0","0","1","0","0","1","0","0","0"
"10.8144","0","0","1","0","0","1","0","0","0"
"10.82917","0","0","1","0","0","1","0","0","0"
"10.84375","0","0","1","0","0","1","0","0","0"
"10.85756","0","0","1","0","0","1","0","0","0"
"10.87154","0","0","1","0","0","1","0","0","0"
"10.88591","0","0","1","0","0","1","0","0","0"
"10.90017","0","0","1","0","0","1","0","0","0"
"10.91522","0","0","1","0","0","1","0","0","0"
"10.92888","0","0","1","0","0","1","0","0","0"
"10.94393","0","0","1","0","0","1","0","0","0"
"10.95725","0","0","1","0","0","1","0","0","0"
"10.97149","0","0","1","0","0","1","0","0","0"
"10.98582","0","0","1","0","0","1","0","0","0"
"11.00069","0","0","1","0","0","1","0","0","0"
"11.01463","0","0","1","0","0","1","0","0","0"
"11.03001","0","0","1","0","0","1","0","0","0"
"11.04353","0","0","1","0","0","1","0","0","0"
"11.0574","0","0","1","0","0","1","0","0","0"
"11.07156","0","0","1","0","0","1","0","0","0"
"11.0865","0","0","1","0","0","1","0","0","0"
"11.10013","0","0","1","0","0","1","0","0","0"
"11.1151","0","0","1","0","0","1","0","0","0"
"11.12874","0","0","1","0","0","1","0","0","0"
"11.14358","0","0","1","0","0","1","0","0","0"
"11.15807","0","0","1","0","0","1","0","0","0"
"11.17175","0","0","1","0","0","1","0","0","0"
"11.18594","0","0","1","0","0","1","0","0","0"
"11.2001","0","0","1","0","0","1","0","0","0"
"11.21445","0","0","1","0","0","1","0","0","0"
"11.2294","0","0","1","0","0","1","0","0","0"
"11.24361","0","0","1","0","0","1","0","0","0"
"11.25745","0","0","1","0","0","1","0","0","0"
"11.27174","0","0","1","0","0","1","0","0","0"
"11.28617","0","0","1","0","0","1","0","0","0"
"11.30022","0","0","1","0","0","1","0","0","0"
"11.31509","0","0","1","0","0","1","0","0","0"
"11.32877","0","0","1","0","0","1","0","0","0"
"11.34397","0","0","1","0","0","1","0","0","0"
"11.35716","0","0","1","0","0","1","0","0","0"
"11.37186","0","0","1","0","0","1","0","0","0"
"11.3858","0","0","1","0","0","1","0","0","0"
"11.40028","0","0","1","0","0","1","0","0","0"
"11.41437","0","0","1","0","0","1","0","0","0"
"11.42973","0","0","1","0","0","1","0","0","0"
"11.44382","0","0","1","0","0","1","0","0","0"
"11.45777","0","0","1","0","0","1","0","0","0"
"11.47155","0","0","1","0","0","1","0","0","0"
"11.48599","0","0","1","0","0","1","0","0","0"
"11.50014","0","0","1","0","0","1","0","0","0"
"11.51508","0","0","1","0","0","1","0","0","0"
"11.52906","0","0","1","0","0","1","0","0","0"
"11.54359","0","0","1","0","0","1","0","0","0"
"11.55742","0","0","1","0","0","1","0","0","0"
"11.57195","0","0","1","0","0","1","0","0","0"
"11.58609","0","0","1","0","0","1","0","0","0"
"11.60045","0","0","1","0","0","1","0","0","0"
"11.61443","0","0","1","0","0","1","0","0","0"
"11.62949","0","0","1","0","0","1","0","0","0"
"11.64381","0","0","1","0","0","1","0","0","0"
"11.65726","0","0","1","0","0","1","0","0","0"
"11.67138","0","0","1","0","0","1","0","0","0"
"11.68597","0","0","1","0","0","1","0","0","0"
"11.70012","0","0","1","0","0","1","0","0","0"
"11.71501","0","0","1","0","0","1","0","0","0"
"11.72878","0","0","1","0","0","1","0","0","0"
"11.74368","0","0","1","0","0","1","0","0","0"
"11.75716","0","0","1","0","0","1","0","0","0"
"11.77165","0","0","1","0","0","1","0","0","0"
"11.78587","0","0","1","0","0","1","0","0","0"
"11.80048","0","0","1","0","0","1","0","0","0"
"11.81436","0","0","1","0","0","1","0","0","0"
"11.82993","0","0","1","0","0","1","0","0","0"
"11.84338","0","0","1","0","0","1","0","0","0"
"11.85778","0","0","1","0","0","1","0","0","0"
"11.87135","0","0","1","0","0","1","0","0","0"
"11.88571","0","0","1","0","0","1","0","0","0"
"11.89999","0","0","1","0","0","1","0","0","0"
"11.91436","0","0","1","0","0","1","0","0","0"
"11.92878","0","0","1","0","0","1","0","0","0"
"11.94434","0","0","1","0","0","1","0","0","0"
"11.95738","0","0","1","0","0","1","0","0","0"
"11.97182","0","0","1","0","0","1","0","0","0"
"11.98614","0","0","1","0","0","1","0","0","0"
"12.00004","0","0","1","0","0","1","0","0","0"
"12.0144","0","0","1","0","0","1","0","0","0"
"12.02959","0","0","1","0","0","1","0","0","0"
"12.04345","0","0","1","0","0","1","0","0","0"
"12.05725","0","0","1","0","0","1","0","0","0"
"12.0714","0","0","1","0","0","1","0","0","0"
"12.08628","0","0","1","0","0","1","0","0","0"
"12.10008","0","0","1","0","0","1","0","0","0"
"12.11472","0","0","1","0","0","1","0","0","0"
"12.1289","0","0","1","0","0","1","0","0","0"
"12.14431","0","0","1","0","0","1","0","0","0"
"12.15713","0","0","1","0","0","1","0","0","0"
"12.17162","0","0","1","0","0","1","0","0","0"
"12.18582","0","0","1","0","0","1","0","0","0"
"12.20004","0","0","1","0","0","1","0","0","0"
"12.21429","0","0","1","0","0","1","0","0","0"
"12.22992","0","0","1","0","0","1","0","0","0"
"12.24384","0","0","1","0","0","1","0","0","0"
"12.25754","0","0","1","0","0","1","0","0","0"
"12.27192","0","0","1","0","0","1","0","0","0"
"12.28596","0","0","1","0","0","1","0","0","0"
"12.30018","0","0","1","0","0","1","0","0","0"
"12.31464","0","0","1","0","0","1","0","0","0"
"12.32876","0","0","1","0","0","1","0","0","0"
"12.34426","0","0","1","0","0","1","0","0","0"
"12.35728","0","0","1","0","0","1","0","0","0"
"12.37164","0","0","1","0","0","1","0","0","0"
"12.38588","0","0","1","0","0","1","0","0","0"
"12.40009","0","0","1","0","0","1","0","0","0"
"12.41412","0","0","1","0","0","1","0","0","0"
"12.42974","0","0","1","0","0","1","0","0","0"
"12.44341","0","0","1","0","0","1","0","0","0"
"12.45737","0","0","1","0","0","1","0","0","0"
"12.47153","0","0","1","0","0","1","0","0","0"
"12.48592","0","0","1","0","0","1","0","0","0"
"12.50037","0","0","1","0","0","1","0","0","0"
"12.51432","0","0","1","0","0","1","0","0","0"
"12.52863","0","0","1","0","0","1","0","0","0"
"12.544","0","0","1","0","0","1","0","0","0"
"12.55719","0","0","1","0","0","1","0","0","0"
"12.57156","0","0","1","0","0","1","0","0","0"
"12.58603","0","0","1","0","0","1","0","0","0"
"12.60049","0","0","1","0","0","1","0","0","0"
"12.61444","0","0","1","0","0","1","0","0","0"
"12.62959","0","0","1","0","0","1","0","0","0"
"12.64372","0","0","1","0","0","1","0","0","0"
"12.65739","0","0","1","0","0","1","0","0","0"
"12.67191","0","0","1","0","0","1","0","0","0"
"12.68579","0","0","1","0","0","1","0","0","0"
"12.69994","0","0","1","0","0","1","0","0","0"
"12.71429","0","0","1","0","0","1","0","0","0"
"12.72861","0","0","1","0","0","1","0","0","0"
"12.74438","0","0","1","0","0","1","0","0","0"
"12.75735","0","0","1","0","0","1","0","0","0"
"12.77164","0","0","1","0","0","1","0","0","0"
"12.78592","0","0","1","0","0","1","0","0","0"
"12.80008","0","0","1","0","0","1","0","0","0"
"12.81428","0","0","1","0","0","1","0","0","0"
"12.83006","0","0","1","0","0","1","0","0","0"
"12.84349","0","0","1","0","0","1","0","0","0"
"12.85789","0","0","1","0","0","1","0","0","0"
"12.87141","0","0","1","0","0","1","0","0","0"
"12.88605","0","0","1","0","0","1","0","0","0"
"12.90012","0","0","1","0","0","1","0","0","0"
"12.91443","0","0","1","0","0","1","0","0","0"
"12.92861","0","0","1","0","0","1","0","0","0"
"12.94397","0","0","1","0","0","1","0","0","0"
"12.95701","0","0","1","0","0","1","0","0","0"
"12.97159","0","0","1","0","0","1","0","0","0"
"12.98575","0","0","1","0","0","1","0","0","0"
"13.00008","0","0","1","0","0","1","0","0","0"
"13.01456","0","0","1","0","0","1","0","0","0"
"13.0294","0","0","1","0","0","1","0","0","0"
"13.04363","0","0","1","0","0","1","0","0","0"
"13.05817","0","0","1","0","0","1","0","0","0"
"13.0714","0","0","1","0","0","1","0","0","0"
"13.08618","0","0","1","0","0","1","0","0","0"
"13.10001","0","0","1","0","0","1","0","0","0"
"13.11449","0","0","1","0","0","1","0","0","0"
"13.1289","0","0","1","0","0","1","0","0","0"
"13.14415","0","0","1","0","0","1","0","0","0"
"13.15718","0","0","1","0","0","1","0","0","0"
"13.17152","0","0","1","0","0","1","0","0","0"
"13.18583","0","0","1","0","0","1","0","0","0"
"13.20004","0","0","1","0","0","1","0","0","0"
"13.21441","0","0","1","0","0","1","0","0","0"
"13.2291","0","0","1","0","0","1","0","0","0"
"13.24365","0","0","1","0","0","1","0","0","0"
"13.25789","0","0","1","0","0","1","0","0","0"
"13.27168","0","0","1","0","0","1","0","0","0"
"13.28609","0","0","1","0","0","1","0","0","0"
"13.30006","0","0","1","0","0","1","0","0","0"
"13.31419","0","0","1","0","0","1","0","0","0"
"13.32899","0","0","1","0","0","1","0","0","0"
"13.34502","0","0","1","0","0","1","0","0","0"
"13.35706","0","0","1","0","0","1","0","0","0"
"13.37188","0","0","1","0","0","1","0","0","0"
"13.38573","0","0","1","0","0","1","0","0","0"
"13.40005","0","0","1","0","0","1","0","0","0"
"13.41434","0","0","1","0","0","1","0","0","0"
"13.42917","0","0","1","0","0","1","0","0","0"
"13.4437","0","0","1","0","0","1","0","0","0"
"13.45805","0","0","1","0","0","1","0","0","0"
"13.47133","0","0","1","0","0","1","0","0","0"
"13.48585","0","0","1","0","0","1","0","0","0"
"13.49988","0","0","1","0","0","1","0","0","0"
"13.51423","0","0","1","0","0","1","0","0","0"
"13.5288","0","0","1","0","0","1","0","0","0"
"13.54443","0","0","1","0","0","1","0","0","0"
"13.55726","0","0","1","0","0","1","0","0","0"
"13.57169","0","0","1","0","0","1","0","0","0"
"13.586","0","0","1","0","0","1","0","0","0"
"13.60058","0","0","1","0","0","1","0","0","0"
"13.6144","0","0","1","0","0","1","0","0","0"
"13.62894","0","0","1","0","0","1","0","0","0"
"13.64394","0","0","1","0","0","1","0","0","0"
"13.6578","0","0","1","0","0","1","0","0","0"
"13.67129","0","0","1","0","0","1","0","0","0"
"13.68611","0","0","1","0","0","1","0","0","0"
"13.69999","0","0","1","0","0","1","0","0","0"
"13.71439","0","0","1","0","0","1","0","0","0"
"13.72911","0","0","1","0","0","1","0","0","0"
"13.74335","0","0","1","0","0","1","0","0","0"
"13.757","0","0","1","0","0","1","0","0","0"
"13.77204","0","0","1","0","0","1","0","0","0"
"13.7858","0","0","1","0","0","1","0","0","0"
"13.80041","0","0","1","0","0","1","0","0","0"
"13.81434","0","0","1","0","0","1","0","0","0"
"13.82937","0","0","1","0","0","1","0","0","0"
"13.8435","0","0","1","0","0","1","0","0","0"
"13.85802","0","0","1","0","0","1","0","0","0"
"13.87146","0","0","1","0","0","1","0","0","0"
"13.88594","0","0","1","0","0","1","0","0","0"
"13.89991","0","0","1","0","0","1","0","0","0"
"13.91439","0","0","1","0","0","1","0","0","0"
"13.9291","0","0","1","0","0","1","0","0","0"
"13.9436","0","0","1","0","0","1","0","0","0"
"13.95723","0","0","1","0","0","1","0","0","0"
"13.97205","0","0","1","0","0","1","0","0","0"
"13.98585","0","0","1","0","0","1","0","0","0"
"14.00139","0","0","1","0","0","1","0","0","0"
"14.01408","0","0","1","0","0","1","0","0","0"
"14.02901","0","0","1","0","0","1","0","0","0"
"14.0433","0","0","1","0","0","1","0","0","0"
"14.0578","0","0","1","0","0","1","0","0","0"
"14.0713","0","0","1","0","0","1","0","0","0"
"14.08629","0","0","1","0","0","1","0","0","0"
"14.09916","0","0","1","0","0","1","0","0","0"
"14.11401","0","0","1","0","0","1","0","0","0"
"14.12786","0","0","1","0","0","1","0","0","0"
"14.14198","0","0","1","0","0","1","0","0","0"
"14.15636","0","0","1","0","0","1","0","0","0"
"14.17115","0","0","1","0","0","1","0","0","0"
"14.18475","0","0","1","0","0","1","0","0","0"
"14.19946","0","0","1","0","0","1","0","0","0"
"14.21378","0","0","1","0","0","1","0","0","0"
"14.22939","0","0","1","0","0","1","0","0","0"
"14.24337","0","0","1","0","0","1","0","0","0"
"14.25796","0","0","1","0","0","1","0","0","0"
"14.27118","0","0","1","0","0","1","0","0","0"
"14.28606","0","0","1","0","0","1","0","0","0"
"14.2999","0","0","1","0","0","1","0","0","0"
"14.31457","0","0","1","0","0","1","0","0","0"
"14.32909","0","0","1","0","0","1","0","0","0"
"14.34382","0","0","1","0","0","1","0","0","0"
"14.35743","0","0","1","0","0","1","0","0","0"
"14.37217","0","0","1","0","0","1","0","0","0"
"14.38581","0","0","1","0","0","1","0","0","0"
"14.40001","0","0","1","0","0","1","0","0","0"
"14.41422","0","0","1","0","0","1","0","0","0"
"14.42898","0","0","1","0","0","1","0","0","0"
"14.44334","0","0","1","0","0","1","0","0","0"
"14.45784","0","0","1","0","0","1","0","0","0"
"14.47147","0","0","1","0","0","1","0","0","0"
"14.48599","0","0","1","0","0","1","0","0","0"
"14.5005","0","0","1","0","0","1","0","0","0"
"14.51437","0","0","1","0","0","1","0","0","0"
"14.52904","0","0","1","0","0","1","0","0","0"
"14.5434","0","0","1","0","0","1","0","0","0"
"14.55714","0","0","1","0","0","1","0","0","0"
"14.57211","0","0","1","0","0","1","0","0","0"
"14.58594","0","0","1","0","0","1","0","0","0"
"14.60079","0","0","1","0","0","1","0","0","0"
"14.61464","0","0","1","0","0","1","0","0","0"
"14.62944","0","0","1","0","0","1","0","0","0"
"14.64351","0","0","1","0","0","1","0","0","0"
"14.65841","0","0","1","0","0","1","0","0","0"
"14.6713","0","0","1","0","0","1","0","0","0"
"14.68575","0","0","1","0","0","1","0","0","0"
"14.69984","0","0","1","0","0","1","0","0","0"
"14.71413","0","0","1","0","0","1","0","0","0"
"14.72867","0","0","1","0","0","1","0","0","0"
"14.74328","0","0","1","0","0","1","0","0","0"
"14.75723","0","0","1","0","0","1","0","0","0"
"14.77198","0","0","1","0","0","1","0","0","0"
"14.78599","0","0","1","0","0","1","0","0","0"
"14.8","0","0","1","0","0","1","0","0","0"
"14.81419","0","0","1","0","0","1","0","0","0"
"14.8287","0","0","1","0","0","1","0","0","0"
"14.84322","0","0","1","0","0","1","0","0","0"
"14.85787","0","0","1","0","0","1","0","0","0"
"14.87127","0","0","1","0","0","1","0","0","0"
"14.88583","0","0","1","0","0","1","0","0","0"
"14.89983","0","0","1","0","0","1","0","0","0"
"14.91425","0","0","1","0","0","1","0","0","0"
"14.92912","0","0","1","0","0","1","0","0","0"
"14.94345","0","0","1","0","0","1","0","0","0"
"14.95732","0","0","1","0","0","1","0","0","0"
"14.97195","0","0","1","0","0","1","0","0","0"
"14.98555","0","0","1","0","0","1","0","0","0"
"15.00011","0","0","1","0","0","1","0","0","0"
"15.01427","0","0","1","0","0","1","0","0","0"
"15.02888","0","0","1","0","0","1","0","0","0"
"15.04363","0","0","1","0","0","1","0","0","0"
"15.05698","0","0","1","0","0","1","0","0","0"
"15.07114","0","0","1","0","0","1","0","0","0"
"15.08641","0","0","1","0","0","1","0","0","0"
"15.10022","0","0","1","0","0","1","0","0","0"
"15.11467","0","0","1","0","0","1","0","0","0"
"15.12894","0","0","1","0","0","1","0","0","0"
"15.14384","0","0","1","0","0","1","0","0","0"
"15.15748","0","0","1","0","0","1","0","0","0"
"15.172","0","0","1","0","0","1","0","0","0"
"15.18575","0","0","1","0","0","1","0","0","0"
"15.20076","0","0","1","0","0","1","0","0","0"
"15.21403","0","0","1","0","0","1","0","0","0"
"15.22887","0","0","1","0","0","1","0","0","0"
"15.24334","0","0","1","0","0","1","0","0","0"
"15.25722","0","0","1","0","0","1","0","0","0"
"15.27134","0","0","1","0","0","1","0","0","0"
"15.2865","0","0","1","0","0","1","0","0","0"
"15.30011","0","0","1","0","0","1","0","0","0"
"15.31443","0","0","1","0","0","1","0","0","0"
"15.32925","0","0","1","0","0","1","0","0","0"
"15.34399","0","0","1","0","0","1","0","0","0"
"15.35699","0","0","1","0","0","1","0","0","0"
"15.37196","0","0","1","0","0","1","0","0","0"
"15.38559","0","0","1","0","0","1","0","0","0"
"15.40008","0","0","1","0","0","1","0","0","0"
"15.41449","0","0","1","0","0","1","0","0","0"
"15.4288","0","0","1","0","0","1","0","0","0"
"15.44318","0","0","1","0","0","1","0","0","0"
"15.45693","0","0","1","0","0","1","0","0","0"
"15.47127","0","0","1","0","0","1","0","0","0"
"15.48634","0","0","1","0","0","1","0","0","0"
"15.49982","0","0","1","0","0","1","0","0","0"
"15.51431","0","0","1","0","0","1","0","0","0"
"15.52906","0","0","1","0","0","1","0","0","0"
"15.54323","0","0","1","0","0","1","0","0","0"
"15.55709","0","0","1","0","0","1","0","0","0"
"15.57202","0","0","1","0","0","1","0","0","0"
"15.58595","0","0","1","0","0","1","0","0","0"
"15.60046","0","0","1","0","0","1","0","0","0"
"15.61418","0","0","1","0","0","1","0","0","0"
"15.62914","0","0","1","0","0","1","0","0","0"
"15.6433","0","0","1","0","0","1","0","0","0"
"15.6573","0","0","1","0","0","1","0","0","0"
"15.67126","0","0","1","0","0","1","0","0","0"
"15.68623","0","0","1","0","0","1","0","0","0"
"15.69987","0","0","1","0","0","1","0","0","0"
"15.71445","0","0","1","0","0","1","0","0","0"
"15.72898","0","0","1","0","0","1","0","0","0"
"15.74318","0","0","1","0","0","1","0","0","0"
"15.75696","0","0","1","0","0","1","0","0","0"
"15.77125","0","0","1","0","0","1","0","0","0"
"15.78543","0","0","1","0","0","1","0","0","0"
"15.80045","0","0","1","0","0","1","0","0","0"
"15.81431","0","0","1","0","0","1","0","0","0"
"15.82944","0","0","1","0","0","1","0","0","0"
"15.84348","0","0","1","0","0","1","0","0","0"
"15.85743","0","0","1","0","0","1","0","0","0"
"15.87119","0","0","1","0","0","1","0","0","0"
"15.88631","0","0","1","0","0","1","0","0","0"
"15.8998","0","0","1","0","0","1","0","0","0"
"15.91425","0","0","1","0","0","1","0","0","0"
"15.92902","0","0","1","0","0","1","0","0","0"
"15.94328","0","0","1","0","0","1","0","0","0"
"15.95698","0","0","1","0","0","1","0","0","0"
"15.9712","0","0","1","0","0","1","0","0","0"
"15.98555","0","0","1","0","0","1","0","0","0"
"16.00041","0","0","1","0","0","1","0","0","0"
"16.01412","0","0","1","0","0","1","0","0","0"
"16.02897","0","0","1","0","0","1","0","0","0"
"16.0434","0","0","1","0","0","1","0","0","0"
"16.057","0","0","1","0","0","1","0","0","0"
"16.07116","0","0","1","0","0","1","0","0","0"
"16.08646","0","0","1","0","0","1","0","0","0"
"16.10003","0","0","1","0","0","1","0","0","0"
"16.11475","0","0","1","0","0","1","0","0","0"
"16.12892","0","0","1","0","0","1","0","0","0"
"16.14355","0","0","1","0","0","1","0","0","0"
"16.15683","0","0","1","0","0","1","0","0","0"
"16.17153","0","0","1","0","0","1","0","0","0"
"16.18564","0","0","1","0","0","1","0","0","0"
"16.20045","0","0","1","0","0","1","0","0","0"
"16.21432","0","0","1","0","0","1","0","0","0"
"16.22948","0","0","1","0","0","1","0","0","0"
"16.24335","0","0","1","0","0","1","0","0","0"
"16.25693","0","0","1","0","0","1","0","0","0"
"16.27119","0","0","1","0","0","1","0","0","0"
"16.28638","0","0","1","0","0","1","0","0","0"
"16.29989","0","0","1","0","0","1","0","0","0"
"16.31419","0","0","1","0","0","1","0","0","0"
"16.32857","0","0","1","0","0","1","0","0","0"
"16.34358","0","0","1","0","0","1","0","0","0"
"16.35725","0","0","1","0","0","1","0","0","0"
"16.37132","0","0","1","0","0","1","0","0","0"
"16.3857","0","0","1","0","0","1","0","0","0"
"16.40039","0","0","1","0","0","1","0","0","0"
"16.41415","0","0","1","0","0","1","0","0","0"
"16.4287","0","0","1","0","0","1","0","0","0"
"16.44317","0","0","1","0","0","1","0","0","0"
"16.45699","0","0","1","0","0","1","0","0","0"
"16.47123","0","0","1","0","0","1","0","0","0"
"16.48636","0","0","1","0","0","1","0","0","0"
"16.50004","0","0","1","0","0","1","0","0","0"
"16.51465","0","0","1","0","0","1","0","0","0"
"16.52899","0","0","1","0","0","1","0","0","0"
"16.54326","0","0","1","0","0","1","0","0","0"
"16.55688","0","0","1","0","0","1","0","0","0"
"16.57111","0","0","1","0","0","1","0","0","0"
"16.58574","0","0","1","0","0","1","0","0","0"
"16.60064","0","0","1","0","0","1","0","0","0"
"16.61419","0","0","1","0","0","1","0","0","0"
"16.62921","0","0","1","0","0","1","0","0","0"
"16.64362","0","0","1","0","0","1","0","0","0"
"16.65678","0","0","1","0","0","1","0","0","0"
"16.67128","0","0","1","0","0","1","0","0","0"
"16.68542","0","0","1","0","0","1","0","0","0"
"16.69975","0","0","1","0","0","1","0","0","0"
"16.71467","0","0","1","0","0","1","0","0","0"
"16.72888","0","0","1","0","0","1","0","0","0"
"16.74341","0","0","1","0","0","1","0","0","0"
"16.757","0","0","1","0","0","1","0","0","0"
"16.77129","0","0","1","0","0","1","0","0","0"
"16.78564","0","0","1","0","0","1","0","0","0"
"16.8005","0","0","1","0","0","1","0","0","0"
"16.81414","0","0","1","0","0","1","0","0","0"
"16.82902","0","0","1","0","0","1","0","0","0"
"16.84332","0","0","1","0","0","1","0","0","0"
"16.85725","0","0","1","0","0","1","0","0","0"
"16.87109","0","0","1","0","0","1","0","0","0"
"16.88563","0","0","1","0","0","1","0","0","0"
"16.89986","0","0","1","0","0","1","0","0","0"
"16.91485","0","0","1","0","0","1","0","0","0"
"16.92854","0","0","1","0","0","1","0","0","0"
"16.94346","0","0","1","0","0","1","0","0","0"
"16.95692","0","0","1","0","0","1","0","0","0"
"16.97144","0","0","1","0","0","1","0","0","0"
"16.98564","0","0","1","0","0","1","0","0","0"
"17.00052","0","0","1","0","0","1","0","0","0"
"17.01433","0","0","1","0","0","1","0","0","0"
"17.02924","0","0","1","0","0","1","0","0","0"
"17.04314","0","0","1","0","0","1","0","0","0"
"17.05692","0","0","1","0","0","1","0","0","0"
"17.07111","0","0","1","0","0","1","0","0","0"
"17.08541","0","0","1","0","0","1","0","0","0"
"17.09976","0","0","1","0","0","1","0","0","0"
"17.11497","0","0","1","0","0","1","0","0","0"
"17.12885","0","0","1","0","0","1","0","0","0"
"17.14358","0","0","1","0","0","1","0","0","0"
"17.15705","0","0","1","0","0","1","0","0","0"
"17.17111","0","0","1","0","0","1","0","0","0"
"17.18568","0","0","1","0","0","1","0","0","0"
"17.2003","0","0","1","0","0","1","0","0","0"
"17.21404","0","0","1","0","0","1","0","0","0"
"17.22874","0","0","1","0","0","1","0","0","0"
"17.24315","0","0","1","0","0","1","0","0","0"
"17.25701","0","0","1","0","0","1","0","0","0"
"17.27113","0","0","1","0","0","1","0","0","0"
"17.28563","0","0","1","0","0","1","0","0","0"
"17.30008","0","0","1","0","0","1","0","0","0"
"17.3151","0","0","1","0","0","1","0","0","0"
"17.3289","0","0","1","0","0","1","0","0","0"
"17.34403","0","0","1","0","0","1","0","0","0"
"17.35681","0","0","1","0","0","1","0","0","0"
"17.37123","0","0","1","0","0","1","0","0","0"
"17.38536","0","0","1","0","0","1","0","0","0"
"17.40052","0","0","1","0","0","1","0","0","0"
"17.41428","0","0","1","0","0","1","0","0","0"
"17.42941","0","0","1","0","0","1","0","0","0"
"17.4435","0","0","1","0","0","1","0","0","0"
"17.45734","0","0","1","0","0","1","0","0","0"
"17.47108","0","0","1","0","0","1","0","0","0"
"17.4855","0","0","1","0","0","1","0","0","0"
"17.49977","0","0","1","0","0","1","0","0","0"
"17.51483","0","0","1","0","0","1","0","0","0"
"17.52885","0","0","1","0","0","1","0","0","0"
"17.54332","0","0","1","0","0","1","0","0","0"
"17.55699","0","0","1","0","0","1","0","0","0"
"17.57127","0","0","1","0","0","1","0","0","0"
"17.58605","0","0","1","0","0","1","0","0","0"
"17.60085","0","0","1","0","0","1","0","0","0"
"17.61427","0","0","1","0","0","1","0","0","0"
"17.62911","0","0","1","0","0","1","0","0","0"
"17.64324","0","0","1","0","0","1","0","0","0"
"17.65692","0","0","1","0","0","1","0","0","0"
"17.67119","0","0","1","0","0","1","0","0","0"
"17.68555","0","0","1","0","0","1","0","0","0"
"17.69963","0","0","1","0","0","1","0","0","0"
"17.71476","0","0","1","0","0","1","0","0","0"
"17.7289","0","0","1","0","0","1","0","0","0"
"17.74338","0","0","1","0","0","1","0","0","0"
"17.75701","0","0","1","0","0","1","0","0","0"
"17.77132","0","0","1","0","0","1","0","0","0"
"17.78551","0","0","1","0","0","1","0","0","0"
"17.79979","0","0","1","0","0","1","0","0","0"
"17.81425","0","0","1","0","0","1","0","0","0"
"17.82974","0","0","1","0","0","1","0","0","0"
"17.84325","0","0","1","0","0","1","0","0","0"
"17.85744","0","0","1","0","0","1","0","0","0"
"17.87103","0","0","1","0","0","1","0","0","0"
"17.88548","0","0","1","0","0","1","0","0","0"
"17.89965","0","0","1","0","0","1","0","0","0"
"17.91464","0","0","1","0","0","1","0","0","0"
"17.92879","0","0","1","0","0","1","0","0","0"
"17.94346","0","0","1","0","0","1","0","0","0"
"17.95737","0","0","1","0","0","1","0","0","0"
"17.97126","0","0","1","0","0","1","0","0","0"
"17.98572","0","0","1","0","0","1","0","0","0"
"17.99971","0","0","1","0","0","1","0","0","0"
"18.01419","0","0","1","0","0","1","0","0","0"
"18.02948","0","0","1","0","0","1","0","0","0"
"18.04313","0","0","1","0","0","1","0","0","0"
"18.05703","0","0","1","0","0","1","0","0","0"
"18.07111","0","0","1","0","0","1","0","0","0"
"18.08588","0","0","1","0","0","1","0","0","0"
"18.09976","0","0","1","0","0","1","0","0","0"
"18.11515","0","0","1","0","0","1","0","0","0"
"18.12904","0","0","1","0","0","1","0","0","0"
"18.1436","0","0","1","0","0","1","0","0","0"
"18.15679","0","0","1","0","0","1","0","0","0"
"18.17117","0","0","1","0","0","1","0","0","0"
"18.18535","0","0","1","0","0","1","0","0","0"
"18.19972","0","0","1","0","0","1","0","0","0"
"18.21423","0","0","1","0","0","1","0","0","0"
"18.22965","0","0","1","0","0","1","0","0","0"
"18.24337","0","0","1","0","0","1","0","0","0"
"18.25709","0","0","1","0","0","1","0","0","0"
"18.27114","0","0","1","0","0","1","0","0","0"
"18.28543","0","0","1","0","0","1","0","0","0"
"18.29976","0","0","1","0","0","1","0","0","0"
"18.31462","0","0","1","0","0","1","0","0","0"
"18.32883","0","0","1","0","0","1","0","0","0"
"18.34343","0","0","1","0","0","1","0","0","0"
"18.35698","0","0","1","0","0","1","0","0","0"
"18.37149","0","0","1","0","0","1","0","0","0"
"18.38564","0","0","1","0","0","1","0","0","0"
"18.40002","0","0","1","0","0","1","0","0","0"
"18.41406","0","0","1","0","0","1","0","0","0"
"18.42943","0","0","1","0","0","1","0","0","0"
"18.44323","0","0","1","0","0","1","0","0","0"
"18.45708","0","0","1","0","0","1","0","0","0"
"18.47106","0","0","1","0","0","1","0","0","0"
"18.48563","0","0","1","0","0","1","0","0","0"
"18.49979","0","0","1","0","0","1","0","0","0"
"18.51481","0","0","1","0","0","1","0","0","0"
"18.52869","0","0","1","0","0","1","0","0","0"
"18.54324","0","0","1","0","0","1","0","0","0"
"18.55692","0","0","1","0","0","1","0","0","0"
"18.57116","0","0","1","0","0","1","0","0","0"
"18.58555","0","0","1","0","0","1","0","0","0"
"18.59985","0","0","1","0","0","1","0","0","0"
"18.6143","0","0","1","0","0","1","0","0","0"
"18.62962","0","0","1","0","0","1","0","0","0"
"18.64345","0","0","1","0","0","1","0","0","0"
"18.65715","0","0","1","0","0","1","0","0","0"
"18.67102","0","0","1","0","0","1","0","0","0"
"18.68538","0","0","1","0","0","1","0","0","0"
"18.69968","0","0","1","0","0","1","0","0","0"
"18.71423","0","0","1","0","0","1","0","0","0"
"18.72888","0","0","1","0","0","1","0","0","0"
"18.74382","0","0","1","0","0","1","0","0","0"
"18.75692","0","0","1","0","0","1","0","0","0"
"18.77085","0","0","1","0","0","1","0","0","0"
"18.78461","0","0","1","0","0","1","0","0","0"
"18.79905","0","0","1","0","0","1","0","0","0"
"18.81332","0","0","1","0","0","1","0","0","0"
"18.83006","0","0","1","0","0","1","0","0","0"
"18.84156","0","0","1","0","0","1","0","0","0"
"18.85638","0","0","1","0","0","1","0","0","0"
"18.87051","0","0","1","0","0","1","0","0","0"
"18.88496","0","0","1","0","0","1","0","0","0"
"18.8988","0","0","1","0","0","1","0","0","0"
"18.91343","0","0","1","0","0","1","0","0","0"
"18.92816","0","0","1","0","0","1","0","0","0"
"18.94218","0","0","1","0","0","1","0","0","0"
"18.95596","0","0","1","0","0","1","0","0","0"
"18.97041","0","0","1","0","0","1","0","0","0"
"18.9846","0","0","1","0","0","1","0","0","0"
"18.99889","0","0","1","0","0","1","0","0","0"
"19.01339","0","0","1","0","0","1","0","0","0"
"19.02919","0","0","1","0","0","1","0","0","0"
"19.04189","0","0","1","0","0","1","0","0","0"
"19.05609","0","0","1","0","0","1","0","0","0"
"19.07014","0","0","1","0","0","1","0","0","0"
"19.08458","0","0","1","0","0","1","0","0","0"
"19.09877","0","0","1","0","0","1","0","0","0"
"19.11362","0","0","1","0","0","1","0","0","0"
"19.12841","0","0","1","0","0","1","0","0","0"
"19.14333","0","0","1","0","0","1","0","0","0"
"19.1567","0","0","1","0","0","1","0","0","0"
"19.17114","0","0","1","0","0","1","0","0","0"
"19.18462","0","0","1","0","0","1","0","0","0"
"19.19882","0","0","1","0","0","1","0","0","0"
"19.21307","0","0","1","0","0","1","0","0","0"
"19.22871","0","0","1","0","0","1","0","0","0"
"19.24168","0","0","1","0","0","1","0","0","0"
"19.25609","0","0","1","0","0","1","0","0","0"
"19.27037","0","0","1","0","0","1","0","0","0"
"19.28494","0","0","1","0","0","1","0","0","0"
"19.2989","0","0","1","0","0","1","0","0","0"
"19.31367","0","0","1","0","0","1","0","0","0"
"19.32819","0","0","1","0","0","1","0","0","0"
"19.34303","0","0","1","0","0","1","0","0","0"
"19.35622","0","0","1","0","0","1","0","0","0"
"19.37078","0","0","1","0","0","1","0","0","0"
"19.38453","0","0","1","0","0","1","0","0","0"
"19.3989","0","0","1","0","0","1","0","0","0"
"19.41343","0","0","1","0","0","1","0","0","0"
"19.4289","0","0","1","0","0","1","0","0","0"
"19.44187","0","0","1","0","0","1","0","0","0"
"19.45601","0","0","1","0","0","1","0","0","0"
"19.47041","0","0","1","0","0","1","0","0","0"
"19.48463","0","0","1","0","0","1","0","0","0"
"19.49924","0","0","1","0","0","1","0","0","0"
"19.51343","0","0","1","0","0","1","0","0","0"
"19.52802","0","0","1","0","0","1","0","0","0"
"19.54285","0","0","1","0","0","1","0","0","0"
"19.55605","0","0","1","0","0","1","0","0","0"
"19.57055","0","0","1","0","0","1","0","0","0"
"19.58465","0","0","1","0","0","1","0","0","0"
"19.59892","0","0","1","0","0","1","0","0","0"
"19.61337","0","0","1","0","0","1","0","0","0"
"19.62839","0","0","1","0","0","1","0","0","0"
"19.64181","0","0","1","0","0","1","0","0","0"
"19.65669","0","0","1","0","0","1","0","0","0"
"19.67038","0","0","1","0","0","1","0","0","0"
"19.68475","0","0","1","0","0","1","0","0","0"
"19.69871","0","0","1","0","0","1","0","0","0"
"19.71324","0","0","1","0","0","1","0","0","0"
"19.72791","0","0","1","0","0","1","0","0","0"
"19.74261","0","0","1","0","0","1","0","0","0"
"19.75607","0","0","1","0","0","1","0","0","0"
"19.77062","0","0","1","0","0","1","0","0","0"
"19.78449","0","0","1","0","0","1","0","0","0"
"19.79877","0","0","1","0","0","1","0","0","0"
"19.81363","0","0","1","0","0","1","0","0","0"
"19.82783","0","0","1","0","0","1","0","0","0"
"19.8419","0","0","1","0","0","1","0","0","0"
"19.8567","0","0","1","0","0","1","0","0","0"
"19.87007","0","0","1","0","0","1","0","0","0"
"19.88463","0","0","1","0","0","1","0","0","0"
"19.89874","0","0","1","0","0","1","0","0","0"
"19.91323","0","0","1","0","0","1","0","0","0"
"19.92817","0","0","1","0","0","1","0","0","0"
"19.94252","0","0","1","0","0","1","0","0","0"
"19.95615","0","0","1","0","0","1","0","0","0"
"19.9705","0","0","1","0","0","1","0","0","0"
"19.98439","0","0","1","0","0","1","0","0","0"
